Relation|RowGroup|C3_Scheme|source_id|target_id|source_name|target_name|source_type|target_type|uncompressed_source_size|uncompressed_target_size|c3_compressed_source_size|c3_compressed_target_size|c3_source_cr|c3_target_cr|bb_source_size|bb_target_size|bb_source_cr|bb_target_cr|scheme_total_cr_improvement|C3scheme|source_column|target_column|bb_source_ecr|bb_target_ecr|c3_source_ecr|c3_target_ecr|estimated_bytes_saved_source|estimated_bytes_saved_target|source_bb_scheme|target_bb_scheme|source_unique_count|target_unique_count|estimated_exception_count|real_exception_count|estimated_exception_size|real_exception_size|exception_compression_ratio|estimated_source_target_dict_size|real_source_target_dict_size|source_target_dict_compression_ratio|estimated_target_dict_size|real_target_dict_size|target_dict_compression_ratio|pearson_corr_coef|source_column_min|source_column_max|target_column_min|target_column_max|source_null_count|target_null_count|estimated_target_compressed_codes_size|real_target_compressed_codes_size|estimated_offsets_size|real_offsets_size|estimated_target_nullmap_size|real_target_nullmap_size
Bimbo_1|0|Equality|3|11|4_Demanda_uni_equil|12_Venta_uni_hoy|integer|integer|262144|262144|39892|10997|6.57134|23.8378|39868|39936|6.5753|6.5641|1.5682|Equality|3|11|6.575298|6.564103|6.575298|22.590831|0|28332|PFOR|-1|176|176|1440|1369|2901|10976|0.997813|-1|-1|-1.000000|-1|-1|-1.000000|-1.000000|-1|-1|-1|-1|0|0|-1|-1|-1|-1|-1|0|
CityMaxCapita_1|0|Equality|17|21|18_Long Domain|22_Short Domain|string|string|383796|372891|90922|53422|4.22116|6.9801|90898|84607|4.22227|4.40733|1.21588|Equality|17|21|4.641440|4.880900|4.641440|8.233859|0|31110|DICT|-1|1086|969|2228|2232|11353|45192|0.999380|-1|-1|-1.000000|-1|-1|-1.000000|-1.000000|-1|-1|-1|-1|55959|55959|-1|-1|-1|-1|-1|8209|
CityMaxCapita_1|0|Equality|22|1|23_State_Country|2_City_State|string|string|1142397|806374|209215|53|5.4604|15214.6|209191|161893|5.46102|4.98091|1.77325|Equality|22|1|5.461363|4.981892|5.461363|9606.761905|0|161777|DICT|-1|5751|5292|0|0|21|-1|-1.000000|-1|-1|-1.000000|-1|-1|-1.000000|-1.000000|-1|-1|-1|-1|2|23966|-1|-1|-1|-1|-1|32|
CommonGovernment_1|0|Equality|7|13|8_award_type_code|14_cd_contactiontype|string|string|327684|327684|14252|21|22.9921|15604|14228|14228|23.0309|23.0309|1.99369|Equality|7|13|23.030925|23.030925|23.030925|3900.952381|0|14143|DICT|-1|5|5|0|0|21|-1|-1.000000|-1|-1|-1.000000|-1|-1|-1.000000|-1.000000|-1|-1|-1|-1|0|0|-1|-1|-1|-1|-1|0|
CommonGovernment_1|0|Equality|10|37|11_baseandexercisedoptionsvalue|38_obligatedamount|double|double|524288|524288|294673|70989|1.77922|7.38548|294649|298765|1.77936|1.75485|1.62285|Equality|10|37|1.779365|1.754851|1.779365|7.655628|0|230281|-1|-1|35778|37698|5700|5912|17121|70968|0.999662|-1|-1|-1.000000|-1|-1|-1.000000|-1.000000|-1|-1|-1|-1|0|0|-1|-1|-1|-1|-1|0|
CommonGovernment_1|0|Equality|10|9|11_baseandexercisedoptionsvalue|10_baseandalloptionsvalue|double|double|524288|524288|294673|65805|1.77922|7.9673|294649|286405|1.77936|1.83058|1.6119|Equality|10|9|1.779365|1.830583|1.779365|7.775524|0|218977|PSEUDODECIMAL|-1|35778|33920|5612|5480|16857|65784|0.999635|-1|-1|-1.000000|-1|-1|-1.000000|-1.000000|-1|-1|-1|-1|0|0|-1|-1|-1|-1|-1|0|
CommonGovernment_1|0|Equality|20|21|21_count_fetched|22_count_total|integer|integer|262144|262144|60294|21|4.34776|12483|60270|60270|4.34949|4.34949|1.99851|Equality|20|21|4.349494|4.349494|4.349494|3120.761905|0|60186|RLE|-1|536|536|0|0|21|-1|-1.000000|-1|-1|-1.000000|-1|-1|-1.000000|-1.000000|-1|-1|-1|-1|0|0|-1|-1|-1|-1|-1|0|
CommonGovernment_1|0|Equality|41|43|42_prod_or_serv_code|44_psc_code|string|string|524292|524292|83567|21|6.27391|24966.3|83543|83543|6.27571|6.27571|1.99892|Equality|41|43|6.275714|6.275714|6.275714|6241.523810|0|83458|DICT|-1|774|774|0|0|21|-1|-1.000000|-1|-1|-1.000000|-1|-1|-1.000000|-1.000000|-1|-1|-1|-1|0|0|-1|-1|-1|-1|-1|0|
Corporations_1|0|Equality|4|16|5_city|17_location|string|string|262417|262410|262473|99|0.999787|2650.61|262449|262438|0.999878|0.999893|1.99902|Equality|4|16|0.999985|0.999985|0.999985|3123.571429|0|262329|UNCOMPRESSED|-1|29|29|0|1|21|54|0.481481|-1|-1|-1.000000|-1|-1|-1.000000|-1.000000|-1|-1|-1|-1|65505|65505|-1|-1|-1|-1|-1|24|
Corporations_1|0|Equality|8|2|9_facebook_account|3_angelco_account|string|string|465422|263249|273885|1482|1.69933|177.631|273864|263269|1.69946|0.999924|1.95061|Equality|8|2|1.707946|0.999985|1.707946|175.029255|0|261748|FSST|-1|4085|39|40|39|376|1445|0.980623|-1|-1|-1.000000|-1|-1|-1.000000|-1.000000|-1|-1|-1|-1|61352|65497|-1|-1|-1|-1|-1|16|
Corporations_1|0|Equality|15|22|16_linkedin_account|23_short_descriptiion|string|string|1764437|263091|661904|1112|2.6657|236.593|661880|263123|2.6658|0.999878|1.39514|Equality|15|22|2.682216|0.999985|2.682216|308.507042|0|262242|-1|-1|26950|11|8|11|213|1063|0.973659|-1|-1|-1.000000|-1|-1|-1.000000|-1.000000|-1|-1|-1|-1|37501|65525|-1|-1|-1|-1|-1|28|
Corporations_1|0|Equality|15|10|16_linkedin_account|11_founding_date|string|string|1764437|262168|661904|102|2.6657|2570.27|661880|262185|2.6658|0.999935|1.39586|Equality|15|10|2.682216|0.999985|2.682216|3120.761905|0|262087|FSST|-1|26950|2|0|2|21|68|0.588235|-1|-1|-1.000000|-1|-1|-1.000000|-1.000000|-1|-1|-1|-1|37501|65534|-1|-1|-1|-1|-1|13|
Corporations_1|0|Equality|18|7|19_name|8_crunchbase_account|string|string|1635835|276372|1012054|16497|1.61635|16.7529|1012030|276468|1.61639|0.999653|1.25273|Equality|18|7|1.616423|0.999986|1.616423|16.428741|0|259553|FSST|-1|63040|265|280|266|4210|16384|0.998291|-1|-1|-1.000000|-1|-1|-1.000000|-1.000000|-1|-1|-1|-1|4|65270|-1|-1|-1|-1|-1|92|
Corporations_1|0|Equality|25|17|26_twitter_account|18_long_description|string|string|300923|265017|179370|3158|1.67767|83.9193|179346|265073|1.67789|0.999789|2.4348|Equality|25|17|1.681153|0.999985|1.681153|155.787234|0|263319|FSST|-1|1258|23|20|23|423|3085|0.990924|-1|-1|-1.000000|-1|-1|-1.000000|-1.000000|-1|-1|-1|-1|64275|65513|-1|-1|-1|-1|-1|52|
Eixo_1|0|Equality|3|30|4_Cor da Pele|38_escolaridade do aluno|string|string|1605065|1610573|26533|10561|60.4932|152.502|26509|34691|60.5479|46.4262|1.64986|Equality|3|30|60.860160|46.576622|60.860160|148.570111|0|23738|DICT|-1|7|8|296|287|2710|10428|0.997315|-1|-1|-1.000000|-1|-1|-1.000000|-1.000000|-1|-1|-1|-1|1431|1424|-1|-1|-1|-1|-1|112|
Eixo_1|0|Equality|20|55|28_desempregado|63_seguro_desenprego|string|string|390147|389826|10508|117|37.1286|3331.85|10484|10232|37.2136|38.0987|1.94974|Equality|20|55|38.204759|38.459550|38.204759|4640.619048|0|10051|DICT|-1|2|2|0|0|21|-1|-1.000000|-1|-1|-1.000000|-1|-1|-1.000000|-1.000000|-1|-1|-1|-1|1591|1698|-1|-1|-1|-1|-1|96|
Eixo_1|0|Equality|23|53|31_ds_tipo_beneficiario|61_populacao_campo|string|string|391008|389820|10717|109|36.4848|3576.33|10693|10201|36.5667|38.2139|1.92998|Equality|23|53|37.192809|38.546425|37.192809|4640.476190|0|10028|DICT|-1|6|1|0|0|21|-1|-1.000000|-1|-1|-1.000000|-1|-1|-1.000000|-1.000000|-1|-1|-1|-1|1672|1700|-1|-1|-1|-1|-1|88|
Eixo_1|0|Equality|33|42|41_instituicao|50_no_subdependencia_admin|string|string|359126|321218|29288|3093|12.2619|103.853|29264|10183|12.2719|31.5445|1.21821|Equality|33|42|14.781281|45.171987|14.781281|3821.476190|0|7026|DICT|-1|53|4|0|0|21|-1|-1.000000|-1|-1|-1.000000|-1|-1|-1.000000|-1.000000|-1|-1|-1|-1|48253|53722|-1|-1|-1|-1|-1|3072|
Eixo_1|0|Equality|35|36|43_municipio_da_ue|44_municipio_do_local_da_oferta|string|string|1007176|1007927|77546|8317|12.9881|121.189|77522|83797|12.9921|12.0282|1.8788|Equality|35|36|12.992131|12.028199|12.992131|117.609528|0|75226|DICT|-1|382|557|436|419|2141|8296|0.996625|-1|-1|-1.000000|-1|-1|-1.000000|-1.000000|-1|-1|-1|-1|0|0|-1|-1|-1|-1|-1|0|
Eixo_1|0|Equality|37|2|45_no_dependencia_admin|3_Codigo Diploma_Certificado|string|string|903582|332963|11272|120069|80.1616|2.7731|11248|199214|80.3327|1.67138|1.60241|Equality|37|2|80.332681|1.743216|80.332681|3.020953|0|80787|DICT|-1|3|5124|5028|5124|27442|111839|0.999750|-1|-1|-1.000000|-1|-1|-1.000000|-1.000000|-1|-1|-1|-1|0|60412|-1|-1|-1|-1|-1|8209|
Eixo_1|0|Equality|38|40|46_no_modalidade|48_no_programa|string|string|393684|393684|10383|133|37.9162|2960.03|10359|10359|38.0041|38.0041|1.97014|Equality|38|40|38.419440|38.419440|38.419440|4686.476190|0|10162|DICT|-1|2|2|0|0|21|-1|-1.000000|-1|-1|-1.000000|-1|-1|-1.000000|-1.000000|-1|-1|-1|-1|1424|1424|-1|-1|-1|-1|-1|112|
Eixo_1|0|Equality|52|50|60_pcd|58_nu_telefone_celular|string|string|393220|390924|30|1433|13107.3|272.801|6|11436|65536.7|34.1836|7.82092|Equality|52|50|65536.666667|34.543077|65536.666667|357.860806|0|10224|ONE_VALUE|-1|1|65|56|70|273|1292|0.978328|-1|-1|-1.000000|-1|-1|-1.000000|-1.000000|-1|-1|-1|-1|0|1428|-1|-1|-1|-1|-1|120|
Eixo_1|0|Equality|54|17|62_povo_indigena|20_comunidade_quilombola|string|string|389820|389820|10225|109|38.1242|3576.33|10201|10201|38.2139|38.2139|1.97426|Equality|54|17|38.546425|38.546425|38.546425|4640.476190|0|10028|DICT|-1|1|1|0|0|21|-1|-1.000000|-1|-1|-1.000000|-1|-1|-1.000000|-1.000000|-1|-1|-1|-1|1700|1700|-1|-1|-1|-1|-1|88|
Eixo_1|0|Equality|67|66|77_uf_do_local_da_oferta|76_uf_da_ue|string|string|393220|393220|41589|63|9.4549|6241.59|41565|41565|9.46036|9.46036|1.99582|Equality|67|66|9.460363|9.460363|9.460363|4681.142857|0|41480|DICT|-1|27|27|0|1|21|42|0.333333|-1|-1|-1.000000|-1|-1|-1.000000|-1.000000|-1|-1|-1|-1|0|0|-1|-1|-1|-1|-1|0|
Euro2016_1|0|Equality|2|3|3_lang|4_latitude|string|string|393708|264320|37524|4512|10.4922|58.5816|37500|264795|10.4989|0.998206|7.19134|Equality|2|3|10.498880|0.999985|10.498880|58.372462|0|259795|-1|-1|38|172|256|227|1133|4020|0.993035|-1|-1|-1.000000|-1|-1|-1.000000|-1.000000|-1|-1|-1|-1|0|65309|-1|-1|-1|-1|-1|471|
Euro2016_1|0|Equality|2|4|3_lang|5_longitude|string|string|393708|264357|37524|4549|10.4922|58.1132|37500|264832|10.4989|0.998206|7.18589|Equality|2|4|10.498880|0.999985|10.498880|57.475239|0|259761|DICT|-1|38|172|256|227|1151|4057|0.993098|-1|-1|-1.000000|-1|-1|-1.000000|-1.000000|-1|-1|-1|-1|0|65309|-1|-1|-1|-1|-1|471|
Generico_1|0|Equality|3|5|4_Cadena|6_Circulacion|string|string|271773|271773|3638|581|74.704|467.768|3614|3614|75.2001|75.2001|1.7132|Equality|3|5|88.989194|88.989194|88.989194|3233.095238|0|2969|DICT|-1|5|5|0|0|21|-1|-1.000000|-1|-1|-1.000000|-1|-1|-1.000000|-1.000000|-1|-1|-1|-1|64780|64780|-1|-1|-1|-1|-1|560|
Generico_1|0|Equality|8|36|9_Concatenar 1|38_VER ANUNCIO|string|string|3541947|3541947|344243|21|10.2891|168664|344219|344219|10.2898|10.2898|1.99974|Equality|8|36|10.289807|10.289807|10.289807|42160.333333|0|344134|DICT|-1|4667|4667|0|0|21|-1|-1.000000|-1|-1|-1.000000|-1|-1|-1.000000|-1.000000|-1|-1|-1|-1|0|0|-1|-1|-1|-1|-1|0|
HashTags_1|0|Equality|2|58|3_interaction#author#avatar|60_twitter#user#profile_image_url|string|string|5700874|5700874|2958492|21|1.92695|271470|2958468|2958468|1.92697|1.92697|1.99997|Equality|2|58|1.926968|1.926968|1.926968|67882.571429|0|2958384|DICT|-1|32654|32654|0|0|21|-1|-1.000000|-1|-1|-1.000000|-1|-1|-1.000000|-1.000000|-1|-1|-1|-1|0|0|-1|-1|-1|-1|-1|0|
HashTags_1|0|Equality|6|57|7_interaction#author#name|59_twitter#user#name|string|string|1053063|1053063|628273|76|1.67612|13856.1|628249|628249|1.67619|1.67619|1.99968|Equality|6|57|1.676334|1.676334|1.676334|12526.571429|0|628109|DICT|-1|30544|30544|0|0|21|-1|-1.000000|-1|-1|-1.000000|-1|-1|-1.000000|-1.000000|-1|-1|-1|-1|19|19|-1|-1|-1|-1|-1|55|
HashTags_1|0|Equality|8|45|9_interaction#content|47_twitter#text|string|string|5636172|5636172|3377784|21|1.6686|268389|3377760|3377760|1.66861|1.66861|1.99997|Equality|8|45|1.668612|1.668612|1.668612|67273.142857|0|3377676|FSST|-1|64035|64035|0|0|21|-1|-1.000000|-1|-1|-1.000000|-1|-1|-1.000000|-1.000000|-1|-1|-1|-1|0|0|-1|-1|-1|-1|-1|0|
HashTags_1|0|Equality|9|21|10_interaction#created_at|22_twitter#created_at|string|string|2293764|2293764|1227407|21|1.86879|109227|1227383|1227383|1.86882|1.86882|1.99993|Equality|9|21|1.868825|1.868825|1.868825|27306.666667|0|1227298|DICT|-1|31588|31588|0|0|21|-1|-1.000000|-1|-1|-1.000000|-1|-1|-1.000000|-1.000000|-1|-1|-1|-1|0|0|-1|-1|-1|-1|-1|0|
HashTags_1|0|Equality|25|10|26_twitter#geo#latitude|11_interaction#geo#latitude|double|double|524288|524288|23181|193|22.6171|2716.52|23157|23157|22.6406|22.6406|1.98143|Equality|25|10|22.810007|22.810007|22.810007|6241.523810|0|22901|FREQUENCY|-1|2683|2683|0|0|21|-1|-1.000000|-1|-1|-1.000000|-1|-1|-1.000000|-1.000000|-1|-1|-1|-1|62686|62686|-1|-1|-1|-1|-1|172|
HashTags_1|0|Equality|26|11|27_twitter#geo#longitude|12_interaction#geo#longitude|double|double|524288|524288|23181|193|22.6171|2716.52|23157|23157|22.6406|22.6406|1.98143|Equality|26|11|22.810007|22.810007|22.810007|6241.523810|0|22901|FREQUENCY|-1|2679|2679|0|0|21|-1|-1.000000|-1|-1|-1.000000|-1|-1|-1.000000|-1.000000|-1|-1|-1|-1|62686|62686|-1|-1|-1|-1|-1|172|
HashTags_1|0|Equality|27|12|28_twitter#hashtags|13_interaction#hashtags|string|string|1615408|1615408|618187|292|2.61314|5532.22|618163|618163|2.61324|2.61324|1.99898|Equality|27|12|2.614386|2.614386|2.614386|19250.619048|0|617808|DICT|-1|11983|11983|0|0|21|-1|-1.000000|-1|-1|-1.000000|-1|-1|-1.000000|-1.000000|-1|-1|-1|-1|127|127|-1|-1|-1|-1|-1|271|
HashTags_1|0|Equality|34|15|36_twitter#mention_ids|16_interaction#mention_ids|string|string|472156|472156|249531|8230|1.89217|57.3701|249507|249507|1.89236|1.89236|1.93596|Equality|34|15|1.956734|1.956734|1.956734|5621.761905|0|241214|DICT|-1|6825|6825|0|0|21|-1|-1.000000|-1|-1|-1.000000|-1|-1|-1.000000|-1.000000|-1|-1|-1|-1|50655|50655|-1|-1|-1|-1|-1|8209|
HashTags_1|0|Equality|35|16|37_twitter#mentions|17_interaction#mentions|string|string|566007|566007|301099|8230|1.8798|68.7736|301075|301075|1.87995|1.87995|1.94663|Equality|35|16|1.932648|1.932648|1.932648|6743.190476|0|292782|DICT|-1|6971|6971|0|0|21|-1|-1.000000|-1|-1|-1.000000|-1|-1|-1.000000|-1.000000|-1|-1|-1|-1|50655|50655|-1|-1|-1|-1|-1|8209|
HashTags_1|0|Equality|52|3|54_twitter#user#id|4_interaction#author#id|double|double|524288|524288|281400|2469|1.86314|212.348|281376|281376|1.8633|1.8633|1.98244|Equality|52|3|1.879654|1.879654|1.879654|6241.523810|0|278844|-1|-1|32224|32224|0|0|21|-1|-1.000000|-1|-1|-1.000000|-1|-1|-1.000000|-1.000000|-1|-1|-1|-1|1274|1274|-1|-1|-1|-1|-1|2448|
HashTags_1|0|Equality|52|53|54_twitter#user#id|55_twitter#user#id_str|double|double|524288|524288|281400|12297|1.86314|42.6354|281376|287908|1.8633|1.82103|1.93834|Equality|52|53|1.879654|1.824905|1.879654|44.810940|0|275596|PSEUDODECIMAL|-1|32224|32762|968|970|2925|11664|0.997942|-1|-1|-1.000000|-1|-1|-1.000000|-1.000000|-1|-1|-1|-1|1274|304|-1|-1|-1|-1|-1|612|
HashTags_1|0|Equality|54|4|56_twitter#user#lang|5_interaction#author#language|string|string|393817|393817|27477|21|14.3326|18753.2|27453|27453|14.3451|14.3451|1.99673|Equality|54|4|14.345135|14.345135|14.345135|4688.000000|0|27368|DICT|-1|25|25|0|0|21|-1|-1.000000|-1|-1|-1.000000|-1|-1|-1.000000|-1.000000|-1|-1|-1|-1|0|0|-1|-1|-1|-1|-1|0|
HashTags_1|0|Equality|60|7|62_twitter#user#screen_name|8_interaction#author#username|string|string|998690|998690|653856|21|1.52739|47556.7|653832|653832|1.52744|1.52744|1.99986|Equality|60|7|1.527441|1.527441|1.527441|11894.904762|0|653748|FSST|-1|32911|32911|0|0|21|-1|-1.000000|-1|-1|-1.000000|-1|-1|-1.000000|-1.000000|-1|-1|-1|-1|0|0|-1|-1|-1|-1|-1|0|
Hatred_1|0|Equality|4|3|5_F27|4_F26|string|string|382456|367657|106055|65085|3.6062|5.64887|106031|98561|3.60702|3.73025|1.19547|Equality|4|3|3.909714|4.069163|3.909714|6.734568|0|35759|DICT|-1|1210|1060|2648|2788|13608|56855|0.999508|-1|-1|-1.000000|-1|-1|-1.000000|-1.000000|-1|-1|-1|-1|56298|56298|-1|-1|-1|-1|-1|8209|
Hatred_1|0|Equality|24|25|25_State |26_StatePopName|string|string|393220|393220|43481|21|9.04349|18724.8|43457|43457|9.04848|9.04848|1.99793|Equality|24|25|9.048485|9.048485|9.048485|4681.142857|0|43372|DICT|-1|51|51|0|0|21|-1|-1.000000|-1|-1|-1.000000|-1|-1|-1.000000|-1.000000|-1|-1|-1|-1|0|0|-1|-1|-1|-1|-1|0|
Medicare1_1|0|Equality|4|5|5_Calculation_3170826185505725|6_Calculation_7130826185400024|double|double|524288|524288|524312|49485|0.999954|10.5949|524288|524288|1|1|1.82743|Equality|4|5|1.000000|1.000000|1.000000|10.576293|0|474716|UNCOMPRESSED|-1|65167|65171|4124|4120|12393|49464|0.999515|-1|-1|-1.000000|-1|-1|-1.000000|-1.000000|-1|-1|-1|-1|0|0|-1|-1|-1|-1|-1|0|
Motos_1|0|Equality|3|5|4_Cadena|6_Circulacion|string|string|271729|271729|3610|573|75.2712|474.222|3586|3586|75.775|75.775|1.71456|Equality|3|5|89.561305|89.561305|89.561305|3234.285714|0|2949|DICT|-1|5|5|0|0|21|-1|-1.000000|-1|-1|-1.000000|-1|-1|-1.000000|-1.000000|-1|-1|-1|-1|64772|64772|-1|-1|-1|-1|-1|552|
Motos_1|0|Equality|8|36|9_Concatenar 1|38_VER ANUNCIO|string|string|3542943|3542943|345423|21|10.2568|168712|345399|345399|10.2575|10.2575|1.99974|Equality|8|36|10.257537|10.257537|10.257537|42176.047619|0|345314|DICT|-1|4684|4684|0|0|21|-1|-1.000000|-1|-1|-1.000000|-1|-1|-1.000000|-1.000000|-1|-1|-1|-1|0|0|-1|-1|-1|-1|-1|0|
MulheresMil_1|0|Equality|3|30|4_Cor da Pele|38_escolaridade do aluno|string|string|1605080|1610570|26581|10529|60.3845|152.965|26557|34759|60.4391|46.3353|1.65228|Equality|3|30|60.750161|46.485121|60.750161|150.065971|0|23914|DICT|-1|7|8|292|286|2683|10396|0.997307|-1|-1|-1.000000|-1|-1|-1.000000|-1.000000|-1|-1|-1|-1|1431|1424|-1|-1|-1|-1|-1|112|
MulheresMil_1|0|Equality|20|55|28_desempregado|63_seguro_desenprego|string|string|390147|389826|10532|117|37.044|3331.85|10508|10248|37.1286|38.0392|1.9491|Equality|20|55|38.130082|38.398936|38.130082|4640.523810|0|10067|-1|-1|2|2|0|0|21|-1|-1.000000|-1|-1|-1.000000|-1|-1|-1.000000|-1.000000|-1|-1|-1|-1|1591|1698|-1|-1|-1|-1|-1|96|
MulheresMil_1|0|Equality|20|23|28_desempregado|31_ds_tipo_beneficiario|string|string|390147|391008|10532|1645|37.044|237.695|10508|10705|37.1286|36.5257|1.74205|Equality|20|23|38.130082|37.150404|38.130082|223.253425|0|8773|DICT|-1|2|6|40|28|438|1444|0.980609|-1|-1|-1.000000|-1|-1|-1.000000|-1.000000|-1|-1|-1|-1|1591|1672|-1|-1|-1|-1|-1|180|
MulheresMil_1|0|Equality|35|36|43_municipio_da_ue|44_municipio_do_local_da_oferta|string|string|1005522|1006273|77621|8317|12.9543|120.99|77597|83876|12.9583|11.9972|1.87895|Equality|35|36|12.958259|11.997151|12.958259|140.337981|0|76705|DICT|-1|385|560|372|419|1793|8296|0.996625|-1|-1|-1.000000|-1|-1|-1.000000|-1.000000|-1|-1|-1|-1|0|0|-1|-1|-1|-1|-1|0|
MulheresMil_1|0|Equality|38|2|46_no_modalidade|3_Codigo Diploma_Certificado|string|string|393684|334622|10403|122704|37.8433|2.72707|10379|199864|37.9308|1.67425|1.5795|Equality|38|2|38.344599|1.745960|38.344599|2.953226|0|78347|-1|-1|2|5246|5176|5246|28242|114474|0.999755|-1|-1|-1.000000|-1|-1|-1.000000|-1.000000|-1|-1|-1|-1|1424|60290|-1|-1|-1|-1|-1|8209|
MulheresMil_1|0|Equality|38|40|46_no_modalidade|48_no_programa|string|string|393684|393684|10403|133|37.8433|2960.03|10379|10379|37.9308|37.9308|1.9702|Equality|38|40|38.344599|38.344599|38.344599|4687.047619|0|10183|DICT|-1|2|2|0|0|21|-1|-1.000000|-1|-1|-1.000000|-1|-1|-1.000000|-1.000000|-1|-1|-1|-1|1424|1424|-1|-1|-1|-1|-1|112|
MulheresMil_1|0|Equality|51|17|59_oferta_cadastro_online|20_comunidade_quilombola|string|string|396620|389820|2413|109|164.368|3576.33|2389|10221|166.019|38.1391|5|Equality|51|17|166.019255|38.470344|166.019255|4640.380952|0|10048|DICT|-1|2|1|0|0|21|-1|-1.000000|-1|-1|-1.000000|-1|-1|-1.000000|-1.000000|-1|-1|-1|-1|0|1700|-1|-1|-1|-1|-1|88|
MulheresMil_1|0|Equality|52|53|60_pcd|61_populacao_campo|string|string|393220|389820|30|109|13107.3|3576.33|6|10221|65536.7|38.1391|73.5755|Equality|52|53|65536.666667|38.470344|65536.666667|4640.380952|0|10048|-1|-1|1|1|0|0|21|-1|-1.000000|-1|-1|-1.000000|-1|-1|-1.000000|-1.000000|-1|-1|-1|-1|0|1700|-1|-1|-1|-1|-1|88|
MulheresMil_1|0|Equality|52|54|60_pcd|62_povo_indigena|string|string|393220|389820|30|109|13107.3|3576.33|6|10221|65536.7|38.1391|73.5755|Equality|52|54|65536.666667|38.470344|65536.666667|4640.380952|0|10048|-1|-1|1|1|0|0|21|-1|-1.000000|-1|-1|-1.000000|-1|-1|-1.000000|-1.000000|-1|-1|-1|-1|0|1700|-1|-1|-1|-1|-1|88|
MulheresMil_1|0|Equality|52|50|60_pcd|58_nu_telefone_celular|string|string|393220|390924|30|1433|13107.3|272.801|6|11473|65536.7|34.0734|7.84621|Equality|52|50|65536.666667|34.433542|65536.666667|224.763218|0|9613|ONE_VALUE|-1|1|65|92|70|435|1292|0.978328|-1|-1|-1.000000|-1|-1|-1.000000|-1.000000|-1|-1|-1|-1|0|1428|-1|-1|-1|-1|-1|120|
MulheresMil_1|0|Equality|67|66|77_uf_do_local_da_oferta|76_uf_da_ue|string|string|393220|393220|41513|63|9.47221|6241.59|41489|41489|9.47769|9.47769|1.99581|Equality|67|66|9.477693|9.477693|9.477693|3171.096774|0|41364|DICT|-1|27|27|4|1|31|42|0.333333|-1|-1|-1.000000|-1|-1|-1.000000|-1.000000|-1|-1|-1|-1|0|0|-1|-1|-1|-1|-1|0|
MulheresMil_1|0|Equality|71|33|81_Calculation_838513978982854656|41_instituicao|string|string|2273955|357596|55932|4693|40.6557|76.1977|55908|28520|40.6732|12.5384|1.39263|Equality|71|33|40.685531|14.994800|40.685531|4258.095238|0|23764|-1|-1|111|53|0|0|21|-1|-1.000000|-1|-1|-1.000000|-1|-1|-1.000000|-1.000000|-1|-1|-1|-1|3|48450|-1|-1|-1|-1|-1|4672|
MulheresMil_1|0|Equality|71|42|81_Calculation_838513978982854656|50_no_subdependencia_admin|string|string|2273955|320658|55932|3061|40.6557|104.756|55908|10115|40.6732|31.7012|1.11917|Equality|71|42|40.685531|45.322686|40.685531|3817.190476|0|6990|DICT|-1|111|4|0|0|21|-1|-1.000000|-1|-1|-1.000000|-1|-1|-1.000000|-1.000000|-1|-1|-1|-1|3|53834|-1|-1|-1|-1|-1|3040|
NYC_1|0|Equality|0|18|1_Address Type|24_Intersection Street 2|string|string|274346|275495|2472|21872|110.981|12.5958|2448|275803|112.069|0.998883|11.43|Equality|0|18|113.179043|0.999985|113.179043|12.570047|0|253582|DICT|-1|4|630|1044|1021|5482|21547|0.998701|-1|-1|-1.000000|-1|-1|-1.000000|-1.000000|-1|-1|-1|-1|64465|64515|-1|-1|-1|-1|-1|304|
NYC_1|0|Equality|3|25|4_Borough|31_Park Borough|string|string|753051|753051|13395|21|56.2188|35859.6|13371|13371|56.3197|56.3197|1.99329|Equality|3|25|56.319722|56.319722|56.319722|8965.523810|0|13287|DICT|-1|6|6|0|0|21|-1|-1.000000|-1|-1|-1.000000|-1|-1|-1.000000|-1.000000|-1|-1|-1|-1|0|0|-1|-1|-1|-1|-1|0|
NYC_1|0|Equality|6|17|8_City|23_Intersection Street 1|string|string|753615|275888|39230|22265|19.2102|12.3911|39206|276196|19.2219|0.998885|5.1289|Equality|6|17|19.298720|0.999986|19.298720|12.360738|0|253572|DICT|-1|51|655|1044|1021|5583|21940|0.998724|-1|-1|-1.000000|-1|-1|-1.000000|-1.000000|-1|-1|-1|-1|5005|64515|-1|-1|-1|-1|-1|304|
NYC_1|0|Equality|14|19|19_Ferry Terminal Name|25_Landmark|string|string|304750|262174|15615|108|19.5165|2427.54|15590|262191|19.5478|0.999935|17.6672|Equality|14|19|19.785107|0.999985|19.785107|3120.761905|0|262093|DICT|-1|257|2|0|2|21|74|0.621622|-1|-1|-1.000000|-1|-1|-1.000000|-1.000000|-1|-1|-1|-1|64434|65534|-1|-1|-1|-1|-1|13|
NYC_1|0|Equality|26|32|32_Park Facility Name|39_School Name|string|string|1755099|1755099|215251|21|8.15373|83576.1|215226|215226|8.15468|8.15468|1.99957|Equality|26|32|8.154641|8.154641|8.154641|20907.190476|0|215143|DICT|-1|3463|3463|0|0|21|-1|-1.000000|-1|-1|-1.000000|-1|-1|-1.000000|-1.000000|-1|-1|-1|-1|0|0|-1|-1|-1|-1|-1|0|
Rentabilidad_1|0|Equality|18|53|19_Ciudad UO|55_Locación|string|string|883468|883467|26245|72|33.6623|12270.4|26221|26220|33.6931|33.6944|1.99267|Equality|18|53|33.693147|33.693109|33.693147|10517.428571|0|26136|-1|-1|18|18|0|1|21|51|0.450980|-1|-1|-1.000000|-1|-1|-1.000000|-1.000000|-1|-1|-1|-1|0|0|-1|-1|-1|-1|-1|0|
Rentabilidad_1|0|Equality|18|54|19_Ciudad UO|56_Locación (copy)|string|string|883468|883467|26245|72|33.6623|12270.4|26221|26220|33.6931|33.6944|1.99267|Equality|18|54|33.693147|33.693109|33.693147|10517.428571|0|26136|DICT|-1|18|18|0|1|21|51|0.450980|-1|-1|-1.000000|-1|-1|-1.000000|-1.000000|-1|-1|-1|-1|0|0|-1|-1|-1|-1|-1|0|
Rentabilidad_1|0|Equality|107|101|110_Ruta de Venta|104_Ruta PR|string|string|655364|655148|78527|1077|8.34572|608.308|78503|78671|8.34827|8.32769|1.97445|Equality|107|101|8.348267|8.332354|8.348267|570.662021|0|77478|DICT|-1|692|700|76|70|287|1012|0.972332|-1|-1|-1.000000|-1|-1|-1.000000|-1.000000|-1|-1|-1|-1|0|36|-1|-1|-1|-1|-1|44|
Rentabilidad_1|0|Equality|110|121|113_T1: Cedis Propio|124_TOTAL T1|double|double|524288|524288|524077|21|1.0004|24966.1|524053|524053|1.00045|1.00045|1.99983|Equality|110|121|1.000448|1.000448|1.000448|6241.523810|0|523969|FREQUENCY|-1|64307|64307|0|0|21|-1|-1.000000|-1|-1|-1.000000|-1|-1|-1.000000|-1.000000|-1|-1|-1|-1|0|0|-1|-1|-1|-1|-1|0|
Rentabilidad_1|0|Equality|138|41|141_GEC (group)|42_GEC|string|string|328206|328206|16602|3323|19.7691|98.768|16578|23832|19.7977|13.7717|2.02811|Equality|138|41|19.797684|13.771652|19.797684|96.415981|0|20427|DICT|-1|5|8|332|327|851|3302|0.991520|-1|-1|-1.000000|-1|-1|-1.000000|-1.000000|-1|-1|-1|-1|0|0|-1|-1|-1|-1|-1|0|
SalariesFrance_1|0|Equality|23|8|24_Calculation_393783518250995712|9_ADECCO_SALAIRES_BRUTS|double|double|524288|524288|161742|8230|3.24151|63.7045|161718|148810|3.24199|3.5232|1.82694|Equality|23|8|3.415357|3.728907|3.415357|6241.523810|0|140517|DICT|-1|7884|6423|0|0|21|-1|-1.000000|-1|-1|-1.000000|-1|-1|-1.000000|-1.000000|-1|-1|-1|-1|20489|24951|-1|-1|-1|-1|-1|8209|
TableroSistemaPenal_1|0|Equality|8|9|9_Calculation_0520821013255406|10_Calculation_0640821194248948|string|string|1328214|1328214|35452|53|37.4651|25060.6|35428|35428|37.4905|37.4905|1.99566|Equality|8|9|37.524410|37.524410|37.524410|15806.952381|0|35311|DICT|-1|18|18|0|0|21|-1|-1.000000|-1|-1|-1.000000|-1|-1|-1.000000|-1.000000|-1|-1|-1|-1|993|993|-1|-1|-1|-1|-1|32|
TableroSistemaPenal_1|0|Equality|10|14|11_Calculation_7430825124450529|15_INGRESOS|double|double|524288|524288|47529|21|11.0309|24966.1|47505|47505|11.0365|11.0365|1.99811|Equality|10|14|11.036480|11.036480|11.036480|6241.523810|0|47421|DICT|-1|246|246|0|0|21|-1|-1.000000|-1|-1|-1.000000|-1|-1|-1.000000|-1.000000|-1|-1|-1|-1|0|0|-1|-1|-1|-1|-1|0|
Telco_1|0|Equality|49|47|52_IDD_MINS_P4|50_IDD_MINS_P2|double|double|524288|524288|16674|11145|31.4434|47.0424|16650|22320|31.4888|23.4896|1.40084|Equality|49|47|31.488769|23.489606|31.488769|44.446253|0|10524|FREQUENCY|-1|563|698|976|925|2949|11124|0.997843|-1|-1|-1.000000|-1|-1|-1.000000|-1.000000|-1|-1|-1|-1|0|0|-1|-1|-1|-1|-1|0|
Telco_1|0|Equality|54|52|57_IDD_REV_P4|55_IDD_REV_P2|double|double|524288|524288|16654|11121|31.4812|47.144|16630|22300|31.5266|23.5107|1.40162|Equality|54|52|31.526639|23.510673|31.526639|44.627852|0|10552|FREQUENCY|-1|177|219|972|923|2937|11100|0.997838|-1|-1|-1.000000|-1|-1|-1.000000|-1.000000|-1|-1|-1|-1|0|0|-1|-1|-1|-1|-1|0|
Telco_1|0|Equality|166|169|172_TOTA_OUTGOING_REV_P1|175_TOTA_OUTGOING_REV_P4|double|double|524288|524288|266163|21|1.9698|24966.1|266139|266139|1.96998|1.96998|1.99966|Equality|166|169|1.969978|1.969978|1.969978|6241.523810|0|266055|PSEUDODECIMAL|-1|41841|41841|0|0|21|-1|-1.000000|-1|-1|-1.000000|-1|-1|-1.000000|-1.000000|-1|-1|-1|-1|0|0|-1|-1|-1|-1|-1|0|
TrainsUK1_2|0|Equality|3|20|4_Calculation_3330422103625946|21_Time-to-5%|double|double|524288|524288|121857|67413|4.30249|7.77725|121833|122465|4.30333|4.28113|1.29074|Equality|3|20|4.303333|4.281125|4.303333|7.666374|0|54077|DICT|-1|2683|2762|5692|5614|17097|67392|0.999644|-1|-1|-1.000000|-1|-1|-1.000000|-1.000000|-1|-1|-1|-1|0|0|-1|-1|-1|-1|-1|0|
TrainsUK2_1|0|Equality|8|0|16_Planned Total Distance Miles|1_Actual Total Distance Miles|double|double|524288|524288|106406|8260|4.92724|63.4731|106382|108795|4.92835|4.81904|1.87655|Equality|8|0|4.928955|4.871433|4.928955|77.055850|0|100820|DICT|-1|1775|1931|560|587|1701|7068|0.996604|-1|-1|-1.000000|-1|-1|-1.000000|-1.000000|-1|-1|-1|-1|2|577|-1|-1|-1|-1|-1|1171|
TrainsUK2_1|0|Equality|17|18|25_v_Origin Lateness (GBTT)|26_v_Origin Lateness (WTT)|integer|integer|262144|262144|47876|18694|5.47548|14.0229|47852|49342|5.47822|5.3128|1.46003|Equality|17|18|5.614203|5.616128|5.614203|16.595594|0|30881|DICT|-1|77|79|1964|1998|3949|16008|0.998501|-1|-1|-1.000000|-1|-1|-1.000000|-1.000000|-1|-1|-1|-1|571|1324|-1|-1|-1|-1|-1|2665|
TrainsUK2_1|0|Equality|23|26|31_c_Origin Time (GBTT) (copy)|34_Calculation_5580608170646388|string|string|589818|589818|93749|34|6.29146|17347.6|93725|93725|6.29307|6.29307|1.99876|Equality|23|26|6.293943|6.293943|6.293943|7021.714286|0|93628|DICT|-1|1293|1293|0|0|21|-1|-1.000000|-1|-1|-1.000000|-1|-1|-1.000000|-1.000000|-1|-1|-1|-1|2|2|-1|-1|-1|-1|-1|13|
Uberlandia_1|0|Equality|3|30|4_Cor da Pele|38_escolaridade do aluno|string|string|1605065|1610573|26569|10561|60.4112|152.502|26545|34743|60.4658|46.3568|1.65063|Equality|3|30|60.777197|46.506685|60.777197|150.264179|0|23912|DICT|-1|7|8|292|287|2680|10428|0.997315|-1|-1|-1.000000|-1|-1|-1.000000|-1.000000|-1|-1|-1|-1|1431|1424|-1|-1|-1|-1|-1|112|
Uberlandia_1|0|Equality|5|9|8_ch_catalogo_guia|12_ch_min_financiavel|integer|integer|262144|262144|34241|229|7.65585|1144.73|34217|34217|7.66122|7.66122|1.98532|Equality|5|9|7.708077|7.708077|7.708077|3120.761905|0|33925|DICT|-1|10|10|0|0|21|-1|-1.000000|-1|-1|-1.000000|-1|-1|-1.000000|-1.000000|-1|-1|-1|-1|1396|1396|-1|-1|-1|-1|-1|208|
Uberlandia_1|0|Equality|13|14|16_cod_ibge_da_ue|17_cod_ibge_do_local_da_oferta|integer|integer|262144|262144|74301|3397|3.52814|77.1693|74277|77745|3.52928|3.37184|1.95658|Equality|13|14|3.529276|3.371844|3.529276|83.062104|0|74589|DICT|-1|390|565|384|419|789|3376|0.992891|-1|-1|-1.000000|-1|-1|-1.000000|-1.000000|-1|-1|-1|-1|0|0|-1|-1|-1|-1|-1|0|
Uberlandia_1|0|Equality|35|36|43_municipio_da_ue|44_municipio_do_local_da_oferta|string|string|1006630|1007381|77618|8317|12.969|121.123|77594|83864|12.973|12.0121|1.87884|Equality|35|36|12.973039|12.012079|12.973039|130.693264|0|76156|DICT|-1|388|561|384|419|1930|8296|0.996625|-1|-1|-1.000000|-1|-1|-1.000000|-1.000000|-1|-1|-1|-1|0|0|-1|-1|-1|-1|-1|0|
Uberlandia_1|0|Equality|38|2|46_no_modalidade|3_Codigo Diploma_Certificado|string|string|393684|332019|10395|118589|37.8724|2.79975|10371|198554|37.9601|1.67218|1.61977|Equality|38|2|38.374500|1.744301|38.374500|2.994918|0|79484|-1|-1|2|5057|5084|5057|27744|110359|0.999746|-1|-1|-1.000000|-1|-1|-1.000000|-1.000000|-1|-1|-1|-1|1424|60479|-1|-1|-1|-1|-1|8209|
Uberlandia_1|0|Equality|38|40|46_no_modalidade|48_no_programa|string|string|393684|393684|10395|133|37.8724|2960.03|10371|10371|37.9601|37.9601|1.97017|Equality|38|40|38.374500|38.374500|38.374500|4687.428571|0|10175|-1|-1|2|2|0|0|21|-1|-1.000000|-1|-1|-1.000000|-1|-1|-1.000000|-1.000000|-1|-1|-1|-1|1424|1424|-1|-1|-1|-1|-1|112|
Uberlandia_1|0|Equality|38|55|46_no_modalidade|63_seguro_desenprego|string|string|393684|389826|10395|171|37.8724|2279.68|10371|10244|37.9601|38.0541|1.95107|Equality|38|55|38.374500|38.414072|38.374500|4640.761905|0|10063|DICT|-1|2|2|0|2|21|54|0.481481|-1|-1|-1.000000|-1|-1|-1.000000|-1.000000|-1|-1|-1|-1|1424|1698|-1|-1|-1|-1|-1|96|
Uberlandia_1|0|Equality|52|54|60_pcd|62_povo_indigena|string|string|393220|389820|30|109|13107.3|3576.33|6|10217|65536.7|38.1541|73.5468|Equality|52|54|65536.666667|38.485537|65536.666667|4640.761905|0|10045|-1|-1|1|1|0|0|21|-1|-1.000000|-1|-1|-1.000000|-1|-1|-1.000000|-1.000000|-1|-1|-1|-1|0|1700|-1|-1|-1|-1|-1|88|
Uberlandia_1|0|Equality|52|53|60_pcd|61_populacao_campo|string|string|393220|389820|30|109|13107.3|3576.33|6|10217|65536.7|38.1541|73.5468|Equality|52|53|65536.666667|38.485537|65536.666667|4640.761905|0|10045|-1|-1|1|1|0|0|21|-1|-1.000000|-1|-1|-1.000000|-1|-1|-1.000000|-1.000000|-1|-1|-1|-1|0|1700|-1|-1|-1|-1|-1|88|
Uberlandia_1|0|Equality|52|50|60_pcd|58_nu_telefone_celular|string|string|393220|390924|30|1433|13107.3|272.801|6|11433|65536.7|34.1926|7.81887|Equality|52|50|65536.666667|34.555290|65536.666667|283.304348|0|9933|ONE_VALUE|-1|1|65|72|70|345|1292|0.978328|-1|-1|-1.000000|-1|-1|-1.000000|-1.000000|-1|-1|-1|-1|0|1428|-1|-1|-1|-1|-1|120|
Uberlandia_1|0|Equality|60|23|70_tipo_da_oferta|31_ds_tipo_beneficiario|string|string|411464|391008|2667|1645|154.28|237.695|2643|10705|155.681|36.5257|3.09555|Equality|60|23|155.680666|37.150404|155.680666|297.033435|0|9208|-1|-1|4|6|20|28|329|1444|0.980609|-1|-1|-1.000000|-1|-1|-1.000000|-1.000000|-1|-1|-1|-1|0|1672|-1|-1|-1|-1|-1|180|
Uberlandia_1|0|Equality|60|20|70_tipo_da_oferta|28_desempregado|string|string|411464|390147|2667|1528|154.28|255.332|2643|10496|155.681|37.171|3.13206|Equality|60|20|155.680666|38.174853|155.680666|286.891176|0|8860|DICT|-1|4|2|116|109|340|1231|0.977254|-1|-1|-1.000000|-1|-1|-1.000000|-1.000000|-1|-1|-1|-1|0|1591|-1|-1|-1|-1|-1|276|
Uberlandia_1|0|Equality|67|66|77_uf_do_local_da_oferta|76_uf_da_ue|string|string|393220|393220|41489|63|9.47769|6241.59|41465|41465|9.48318|9.48318|1.99581|Equality|67|66|9.483179|9.483179|9.483179|3171.096774|0|41340|DICT|-1|27|27|4|1|31|42|0.333333|-1|-1|-1.000000|-1|-1|-1.000000|-1.000000|-1|-1|-1|-1|0|0|-1|-1|-1|-1|-1|0|
Uberlandia_1|0|Equality|68|17|78_unidade_demandante|20_comunidade_quilombola|string|string|399510|389820|10939|109|36.5216|3576.33|10915|10217|36.6019|38.1541|1.91274|Equality|68|17|36.981394|38.485537|36.981394|4640.761905|0|10045|DICT|-1|12|1|0|0|21|-1|-1.000000|-1|-1|-1.000000|-1|-1|-1.000000|-1.000000|-1|-1|-1|-1|1424|1700|-1|-1|-1|-1|-1|88|
Uberlandia_1|0|Equality|71|33|81_Calculation_838513978982854656|41_instituicao|string|string|2253041|361299|55771|4953|40.3981|72.9455|55746|29328|40.4162|12.3193|1.40099|Equality|71|33|40.427795|14.809764|40.427795|4288.809524|0|24311|-1|-1|106|54|0|0|21|-1|-1.000000|-1|-1|-1.000000|-1|-1|-1.000000|-1.000000|-1|-1|-1|-1|3|47950|-1|-1|-1|-1|-1|4932|
Uberlandia_1|0|Equality|71|42|81_Calculation_838513978982854656|50_no_subdependencia_admin|string|string|2253041|321273|55771|3061|40.3981|104.957|55746|10107|40.4162|31.7872|1.11934|Equality|71|42|40.427795|45.461016|40.427795|3822.428571|0|6982|DICT|-1|106|4|0|0|21|-1|-1.000000|-1|-1|-1.000000|-1|-1|-1.000000|-1.000000|-1|-1|-1|-1|3|53711|-1|-1|-1|-1|-1|3040|
USCensus_1|0|Equality|131|170|132_FPERNP|171_FWAGP|integer|integer|262144|262144|4624|941|56.692|278.58|4600|4600|56.9878|56.9878|1.65319|Equality|131|170|56.987826|56.987826|56.987826|276.523207|0|3652|PFOR|-1|2|2|108|112|237|920|0.973913|-1|-1|-1.000000|-1|-1|-1.000000|-1.000000|-1|-1|-1|-1|0|0|-1|-1|-1|-1|-1|0|
USCensus_1|0|Equality|189|95|190_HINCP|96_FINCP|integer|integer|262144|262144|6740|2337|38.8938|112.171|6716|8004|39.0328|32.7516|1.62168|Equality|189|95|39.172744|40.705590|39.172744|332.670051|0|5652|PFOR|-1|1252|1111|88|91|197|752|0.968085|-1|-1|-1.000000|-1|-1|-1.000000|-1.000000|-1|-1|-1|-1|62937|63564|-1|-1|-1|-1|-1|1564|
USCensus_1|0|Equality|252|254|253_NWAB|255_NWLA|integer|integer|262144|262144|18300|8169|14.3248|32.0901|18276|18276|14.3436|14.3436|1.38094|Equality|252|254|15.471199|15.471199|15.471199|35.520867|0|9564|PFOR|-1|4|4|912|849|1845|6816|0.996479|-1|-1|-1.000000|-1|-1|-1.000000|-1.000000|-1|-1|-1|-1|1814|1814|-1|-1|-1|-1|-1|1332|
USCensus_1|0|Equality|276|277|277_PUMA|278_PUMA1|integer|integer|262144|262144|84885|21|3.08823|12483|84861|84861|3.0891|3.0891|1.99894|Equality|276|277|3.089099|3.089099|3.089099|3120.761905|0|84777|DICT|-1|650|650|0|0|21|-1|-1.000000|-1|-1|-1.000000|-1|-1|-1.000000|-1.000000|-1|-1|-1|-1|0|0|-1|-1|-1|-1|-1|0|
USCensus_1|0|Equality|314|315|315_SERIALNO|316_SERIALNO1|integer|integer|262144|262144|172616|21|1.51865|12483|172592|172592|1.51887|1.51887|1.99948|Equality|314|315|1.518865|1.518865|1.518865|3120.761905|0|172508|PFOR|-1|65476|65476|0|0|21|-1|-1.000000|-1|-1|-1.000000|-1|-1|-1.000000|-1.000000|-1|-1|-1|-1|0|0|-1|-1|-1|-1|-1|0|
USCensus_1|0|Equality|329|331|330_ST|332_ST1|integer|integer|262144|262144|41544|21|6.31003|12483|41520|41520|6.31368|6.31368|1.99783|Equality|329|331|6.313680|6.313680|6.313680|3120.761905|0|41436|-1|-1|25|25|0|0|21|-1|-1.000000|-1|-1|-1.000000|-1|-1|-1.000000|-1.000000|-1|-1|-1|-1|0|0|-1|-1|-1|-1|-1|0|
USCensus_1|0|Equality|329|272|330_ST|273_POWSP|integer|integer|262144|262144|41544|7341|6.31003|35.7096|41520|17436|6.31368|15.0346|1.20601|Equality|329|272|6.313680|24.299592|6.313680|378.820809|0|10096|PFOR|-1|25|35|76|81|173|672|0.964286|-1|-1|-1.000000|-1|-1|-1.000000|-1.000000|-1|-1|-1|-1|0|57471|-1|-1|-1|-1|-1|6648|
USCensus_1|0|Equality|343|266|345_WAGP|267_PERNP|integer|integer|262144|262144|31417|11769|8.34402|22.2741|31393|42665|8.3504|6.14424|1.71486|Equality|343|266|8.610412|6.342245|8.610412|25.550097|0|31073|DICT|-1|454|517|1272|1299|2565|10416|0.997696|-1|-1|-1.000000|-1|-1|-1.000000|-1.000000|-1|-1|-1|-1|1304|1814|-1|-1|-1|-1|-1|1332|
Wins_1|0|Equality|80|178|81_nKLINE|179_nVBET|double|double|524288|524288|201274|30|2.60485|17476.3|201249|201249|2.60517|2.60517|1.99945|Equality|80|178|2.605274|2.605274|2.605274|6241.523810|0|201156|DICT|-1|10561|10561|0|0|21|-1|-1.000000|-1|-1|-1.000000|-1|-1|-1.000000|-1.000000|-1|-1|-1|-1|1|1|-1|-1|-1|-1|-1|9|
Wins_1|0|Equality|83|136|84_nKPROB1|137_nPROB|integer|integer|262144|262144|45889|30|5.71257|8738.13|45865|45865|5.71556|5.71556|1.99765|Equality|83|136|5.716678|5.716678|5.716678|3120.761905|0|45772|PFOR|-1|63|63|0|0|21|-1|-1.000000|-1|-1|-1.000000|-1|-1|-1.000000|-1.000000|-1|-1|-1|-1|1|1|-1|-1|-1|-1|-1|9|
Wins_1|0|Equality|215|224|216_rK|225_rPROB|integer|integer|262144|262144|32509|30|8.06374|8738.13|32485|32485|8.06969|8.06969|1.99668|Equality|215|224|8.071930|8.071930|8.071930|3120.761905|0|32392|PFOR|-1|10|10|0|0|21|-1|-1.000000|-1|-1|-1.000000|-1|-1|-1.000000|-1.000000|-1|-1|-1|-1|1|1|-1|-1|-1|-1|-1|9|
YaleLanguages_1|0|Equality|0|8|1_BEGIN_PUB_DATE|10_DATE|string|string|524053|524053|78539|156|6.67252|3359.31|78515|78515|6.67456|6.67456|1.99543|Equality|0|8|6.686055|6.686055|6.686055|6238.190476|0|78295|DICT|-1|320|320|0|0|21|-1|-1.000000|-1|-1|-1.000000|-1|-1|-1.000000|-1.000000|-1|-1|-1|-1|59|59|-1|-1|-1|-1|-1|135|
YaleLanguages_1|0|Equality|15|6|18_LC_NARROW|8_CLASS_LETTER|string|string|366038|365838|75228|8230|4.86571|44.4518|75204|75078|4.86727|4.87277|1.80069|Equality|15|6|5.463661|5.470966|5.463661|4354.714286|0|66784|DICT|-1|209|199|0|0|21|-1|-1.000000|-1|-1|-1.000000|-1|-1|-1.000000|-1.000000|-1|-1|-1|-1|10322|10395|-1|-1|-1|-1|-1|8209|
YaleLanguages_1|0|Equality|20|21|23_PATRON_GROUP_ID|24_PATRON_GROUP_ID1|integer|integer|262144|262144|40273|21|6.50917|12483|40249|40249|6.51306|6.51306|1.99777|Equality|20|21|6.513056|6.513056|6.513056|3120.761905|0|40165|DICT|-1|34|34|0|0|21|-1|-1.000000|-1|-1|-1.000000|-1|-1|-1.000000|-1.000000|-1|-1|-1|-1|0|0|-1|-1|-1|-1|-1|0|
YaleLanguages_1|0|Equality|27|4|30_Calculation_1810108111146429|6_CLASS_BROAD|string|string|1801424|1635104|39825|8230|45.2335|198.676|39801|47098|45.2608|34.7171|1.80832|Equality|27|4|45.260772|42.045411|45.260772|19412.523810|0|38804|DICT|-1|21|20|0|0|21|-1|-1.000000|-1|-1|-1.000000|-1|-1|-1.000000|-1.000000|-1|-1|-1|-1|0|10395|-1|-1|-1|-1|-1|8209|
